  <security-constraint> 

    <web-resource-collection> 
      <web-resource-name>
        JAW Application protected Admin pages and actions.
      </web-resource-name> 
      <description>Require users to authenticate.</description> 
      <url-pattern>/admin/*</url-pattern>
    </web-resource-collection>
 
    <auth-constraint> 
      <description>
        Allow Manager role to access Admin pages and actions.
      </description> 
      <role-name>Manager</role-name> 
    </auth-constraint> 

  </security-constraint> 

  <security-role>
    <description>JAW Managers</description>
    <role-name>Manager</role-name>
  </security-role>
  
  <security-role>
      <description>JAW Guest User (unsecured)</description>
      <role-name>guest</role-name>
  </security-role>
  
  <login-config>
    <auth-method>FORM</auth-method>
    <realm-name>JawJaasDbRealm</realm-name>
    <form-login-config>
	  <form-login-page>/login.jsp</form-login-page>
	  <form-error-page>/loginError.jsp</form-error-page>
    </form-login-config>
  </login-config>