<?xml version="1.0" encoding="UTF-8"?>
<!DOCTYPE log4j:configuration SYSTEM "log4j.dtd">
<log4j:configuration xmlns:log4j="http://jakarta.apache.org/log4j/" debug="true" >

    <appender name="STDOUT" class="org.apache.log4j.ConsoleAppender">
        <param name="Target" value="System.out"/>
        <param name="Threshold" value="INFO"/>
        <layout class="org.apache.log4j.PatternLayout">
	    <param name="ConversionPattern" value="%d %-5p [%c] - %m%n"/>
	</layout>
    </appender>
	
    <appender name="ROLLING" class="org.apache.log4j.DailyRollingFileAppender">
        <param name="File" value="${log4j.log.dir}/jbossatwork.log"/>
        <layout class="org.apache.log4j.PatternLayout">
	    <param name="ConversionPattern" value="%d %-5p [%c] - %m%n"/>
	</layout>
    </appender>
	
    <category name="com.jbossatwork">
        <priority value="DEBUG"/>
	<appender-ref ref="ROLLING"/>
    </category>
	
    <category name="org.apache">
        <priority value="WARN"/>
    </category>
	
    <root>
        <priority value="WARN"/>
        <appender-ref ref="STDOUT"/>
    </root>

</log4j:configuration>